PRISM,MUX8078,WHB3400
PRISM,MUX8078,WHB3401
PRISM,MUX8078,WHB3402
PRISM,MUX8078,WHB3403
PRISM,MUX8080,WHB3404
PRISM,MUX8080,WHB3405
PRISM,MUX8080,WHB3406
PRISM,MUX8080,WHB3407
PRISM,MUX8080,WHB3408
PRISM,MUX8081,WHB3409
PRISM,MUX8081,WHB3410
PRISM,MUX8081,WHB3411
PRISM,MUX8081,WHB3412
PRISM,MUX8081,WHB3413
PRISM,MUX8082,WHB3414
PRISM,MUX8082,WHB3415
PRISM,MUX8082,WHB3416
PRISM,MUX8082,WHB3417
PRISM,MUX8082,WHB3418
PRISM,MUX8083,WHB3419
PRISM,MUX8083,WHB3420
PRISM,MUX8083,WHB3421
PRISM,MUX8126,WHB3422
PRISM,MUX8083,WHB3423
PRISM,MUX8083,WHB3424
PRISM,MUX8084,WHB3425
PRISM,MUX8084,WHB3426
PRISM,MUX8084,WHB3427
PRISM,MUX8084,WHB3428
PRISM,MUX8084,WHB3429
PRISM,MUX8085,WHB3430
PRISM,MUX8085,WHB3431
PRISM,MUX8085,WHB3432
PRISM,MUX8085,WHB3433
PRISM,MUX8085,WHB3434
PRISM,MUX8086,WHB3435
PRISM,MUX8086,WHB3436
PRISM,MUX8086,WHB3437
PRISM,MUX8086,WHB3438
PRISM,MUX8087,WHB3440
PRISM,MUX8087,WHB3441
PRISM,MUX8087,WHB3442
PRISM,MUX8087,WHB3443
PRISM,MUX8087,WHB3444
PRISM,MUX8088,WHB3445
PRISM,MUX8088,WHB3446
PRISM,MUX8088,WHB3447
PRISM,MUX8088,WHB3448
PRISM,MUX8088,WHB3449
PRISM,MUX8089,WHB3450
PRISM,MUX8089,WHB3451
PRISM,MUX8089,WHB3452
PRISM,MUX8089,WHB3453
PRISM,MUX8089,WHB3454
PRISM,MUX8097,WHB3455
PRISM,MUX8097,WHB3456
PRISM,MUX8097,WHB3457
PRISM,MUX8097,WHB3458
PRISM,MUX8097,WHB3459
PRISM,MUX8098,WHB3460
PRISM,MUX8098,WHB3461
PRISM,MUX8098,WHB3462
PRISM,MUX8098,WHB3463
PRISM,MUX8098,WHB3464
PRISM,MUX8099,WHB3465
PRISM,MUX8099,WHB3466
PRISM,MUX8099,WHB3467
PRISM,MUX8099,WHB3468
PRISM,MUX8099,WHB3469
PRISM,MUX8100,WHB3470
PRISM,MUX8100,WHB3471
PRISM,MUX8126,WHB3472
PRISM,MUX8100,WHB3473
PRISM,MUX8126,WHB3474
PRISM,MUX8100,WHB3475
PRISM,MUX8100,WHB3476
PRISM,MUX8126,WHB3477
PRISM,MUX8101,WHB3478
PRISM,MUX8126,WHB3479
PRISM,MUX8127,WHB3480
PRISM,MUX8127,WHB3481
PRISM,MUX8101,WHB3482
PRISM,MUX8127,WHB3483
PRISM,MUX8101,WHB3484
PRISM,MUX8101,WHB3485
PRISM,MUX8101,WHB3486
PRISM,MUX8102,WHB3487
PRISM,MUX8102,WHB3488
PRISM,MUX8127,WHB3489
PRISM,MUX8102,WHB3490
PRISM,MUX8102,WHB3491
PRISM,MUX8102,WHB3492
PRISM,MUX8103,WHB3493
PRISM,MUX8103,WHB3494
PRISM,MUX8103,WHB3496
PRISM,MUX8103,WHB3497
PRISM,MUX8104,WHB3498
PRISM,MUX8104,WHB3499
PRISM,MUX8104,WHB3500
PRISM,MUX8104,WHB3501
PRISM,MUX8104,WHB3502
PRISM,MUX8105,WHB3503
PRISM,MUX8105,WHB3504
PRISM,MUX8105,WHB3505
PRISM,MUX8105,WHB3506
PRISM,MUX8105,WHB3507
PRISM,MUX8106,WHB3508
PRISM,MUX8106,WHB3509
PRISM,MUX8106,WHB3510
PRISM,MUX8106,WHB3511
PRISM,MUX8106,WHB3512
PRISM,MUX8107,WHB3513
PRISM,MUX8107,WHB3514
PRISM,MUX8107,WHB3515
PRISM,MUX8107,WHB3516
PRISM,MUX8107,WHB3517
PRISM,MUX8108,WHB3518
PRISM,MUX8108,WHB3519
PRISM,MUX8108,WHB3520
PRISM,MUX8108,WHB3521
PRISM,MUX8108,WHB3522
PRISM,MUX8118,WHB3523
PRISM,MUX8118,WHB3524
PRISM,MUX8118,WHB3525
PRISM,MUX8118,WHB3526
PRISM,MUX8118,WHB3527
PRISM,MUX8119,WHB3528
PRISM,MUX8119,WHB3529
PRISM,MUX8119,WHB3530
PRISM,MUX8119,WHB3531
PRISM,MUX8119,WHB3532
PRISM,MUX8120,WHB3533
PRISM,MUX8120,WHB3534
PRISM,MUX8120,WHB3535
PRISM,MUX8120,WHB3536
PRISM,MUX8127,WHB3537
PRISM,MUX8120,WHB3538
PRISM,MUX8121,WHB3539
PRISM,MUX8121,WHB3540
PRISM,MUX8121,WHB3541
PRISM,MUX8121,WHB3542
PRISM,MUX8121,WHB3543
PRISM,MUX8122,WHB3544
PRISM,MUX8122,WHB3545
PRISM,MUX8122,WHB3546
PRISM,MUX8122,WHB3547
PRISM,MUX8122,WHB3548
PRISM,MUX8123,WHB3549
PRISM,MUX8123,WHB3551
PRISM,MUX8123,WHB3552
PRISM,MUX8123,WHB3553
PRISM,MUX8124,WHB3554
PRISM,MUX8124,WHB3555
PRISM,MUX8124,WHB3556
PRISM,MUX8124,WHB3558
PRISM,MUX8125,WHB3559
PRISM,MUX8125,WHB3560
PRISM,MUX8125,WHB3561
PRISM,MUX8125,WHB3563
PRISM,MUX8180,WHB3564
PRISM,MUX8180,WHB3565
PRISM,MUX8180,WHB3566
PRISM,MUX8180,WHB3567
PRISM,MUX8181,WHB3569
PRISM,MUX8181,WHB3570
PRISM,MUX8181,WHB3571
PRISM,MUX8181,WHB3572
PRISM,MUX8181,WHB3573
PRISM,MUX8183,WHB3574
PRISM,MUX8183,WHB3575
PRISM,MUX8183,WHB3576
PRISM,MUX8183,WHB3577
PRISM,MUX8184,WHB3579
PRISM,MUX8184,WHB3580
PRISM,MUX8184,WHB3581
PRISM,MUX8184,WHB3582
PRISM,MUX8184,WHB3583
PRISM,MUX8185,WHB3584
PRISM,MUX8185,WHB3585
PRISM,MUX8185,WHB3586
PRISM,MUX8185,WHB3587
PRISM,MUX8185,WHB3588
PRISM,MUX8186,WHB3589
PRISM,MUX8186,WHB3590
PRISM,MUX8186,WHB3591
PRISM,MUX8186,WHB3592
PRISM,MUX8186,WHB3593
PRISM,MUX8187,WHB3594
PRISM,MUX8187,WHB3595
PRISM,MUX8187,WHB3596
PRISM,MUX8187,WHB3597
PRISM,MUX8188,WHB3599
PRISM,MUX8188,WHB3600
PRISM,MUX8188,WHB3601
PRISM,MUX8188,WHB3602
PRISM,MUX8188,WHB3603
PRISM,MUX8189,WHB3604
PRISM,MUX8189,WHB3605
PRISM,MUX8189,WHB3606
PRISM,MUX8189,WHB3607
PRISM,MUX8189,WHB3608
PRISM,MUX8190,WHB3609
PRISM,MUX8190,WHB3610
PRISM,MUX8190,WHB3611
PRISM,MUX8190,WHB3612
PRISM,MUX8190,WHB3613
PRISM,MUX8191,WHB3614
PRISM,MUX8191,WHB3615
PRISM,MUX8191,WHB3616
PRISM,MUX8191,WHB3617
PRISM,MUX8191,WHB3618
PRISM,MUX8192,WHB3619
PRISM,MUX8192,WHB3620
PRISM,MUX8192,WHB3621
PRISM,MUX8192,WHB3622
PRISM,MUX8192,WHB3623
PRISM,MUX8193,WHB3624
PRISM,MUX8193,WHB3625
PRISM,MUX8193,WHB3626
PRISM,MUX8193,WHB3627
PRISM,MUX8193,WHB3628
PRISM,MUX8194,WHB3629
PRISM,MUX8194,WHB3630
PRISM,MUX8194,WHB3631
PRISM,MUX8194,WHB3632
PRISM,MUX8203,WHB3634
PRISM,MUX8203,WHB3635
PRISM,MUX8203,WHB3636
PRISM,MUX8203,WHB3637
PRISM,MUX8203,WHB3638
PRISM,MUX8204,WHB3639
PRISM,MUX8204,WHB3640
PRISM,MUX8204,WHB3641
PRISM,MUX8204,WHB3642
PRISM,MUX8204,WHB3643
PRISM,MUX8205,WHB3644
PRISM,MUX8205,WHB3645
PRISM,MUX8205,WHB3646
PRISM,MUX8205,WHB3647
PRISM,MUX8205,WHB3648
PRISM,MUX8206,WHB3649
PRISM,MUX8206,WHB3650
PRISM,MUX8206,WHB3651
PRISM,MUX8206,WHB3652
PRISM,MUX8206,WHB3653
PRISM,MUX8195,WHB3654
PRISM,MUX8195,WHB3655
PRISM,MUX8195,WHB3656
PRISM,MUX8195,WHB3657
PRISM,MUX8195,WHB3658
PRISM,MUX8196,WHB3660
PRISM,MUX8196,WHB3661
PRISM,MUX8196,WHB3662
PRISM,MUX8196,WHB3663
PRISM,MUX8197,WHB3664
PRISM,MUX8197,WHB3665
PRISM,MUX8197,WHB3666
PRISM,MUX8197,WHB3667
PRISM,MUX8197,WHB3668
PRISM,MUX8198,WHB3669
PRISM,MUX8198,WHB3670
PRISM,MUX8198,WHB3671
PRISM,MUX8198,WHB3672
PRISM,MUX8198,WHB3673
PRISM,MUX8199,WHB3674
PRISM,MUX8199,WHB3675
PRISM,MUX8199,WHB3676
PRISM,MUX8199,WHB3677
PRISM,MUX8199,WHB3678
PRISM,MUX8200,WHB3679
PRISM,MUX8200,WHB3680
PRISM,MUX8200,WHB3681
PRISM,MUX8200,WHB3682
PRISM,MUX8200,WHB3683
PRISM,MUX8201,WHB3684
PRISM,MUX8201,WHB3685
PRISM,MUX8201,WHB3686
PRISM,MUX8201,WHB3687
PRISM,MUX8201,WHB3688
PRISM,MUX8253,WHB3689
PRISM,MUX8202,WHB3690
PRISM,MUX8202,WHB3691
PRISM,MUX8202,WHB3692
PRISM,MUX8202,WHB3693
PRISM,MUX8202,WHB3694
PRISM,MUX8207,WHB3695
PRISM,MUX8207,WHB3696
PRISM,MUX8207,WHB3697
PRISM,MUX8207,WHB3698
PRISM,MUX8207,WHB3699
PRISM,MUX8208,WHB3700
PRISM,MUX8208,WHB3701
PRISM,MUX8208,WHB3702
PRISM,MUX8208,WHB3703
PRISM,MUX8208,WHB3704
PRISM,MUX8209,WHB3705
PRISM,MUX8209,WHB3706
PRISM,MUX8209,WHB3707
PRISM,MUX8209,WHB3708
PRISM,MUX8209,WHB3709
PRISM,MUX8210,WHB3710
PRISM,MUX8210,WHB3711
PRISM,MUX8210,WHB3712
PRISM,MUX8210,WHB3713
PRISM,MUX8210,WHB3714
PRISM,MUX8211,WHB3715
PRISM,MUX8211,WHB3717
PRISM,MUX8211,WHB3718
PRISM,MUX8211,WHB3719
PRISM,MUX8212,WHB3720
PRISM,MUX8212,WHB3721
PRISM,MUX8212,WHB3723
PRISM,MUX8212,WHB3724
PRISM,MUX8213,WHB3725
PRISM,MUX8213,WHB3727
PRISM,MUX8213,WHB3728
PRISM,MUX8214,WHB3730
PRISM,MUX8214,WHB3731
PRISM,MUX8260,WHB3732
PRISM,MUX8214,WHB3733
PRISM,MUX8214,WHB3734
PRISM,MUX8214,WHB3735
PRISM,MUX8219,WHB3736
PRISM,MUX8219,WHB3737
PRISM,MUX8219,WHB3738
PRISM,MUX8219,WHB3739
PRISM,MUX8219,WHB3740
PRISM,MUX8220,WHB3742
PRISM,MUX8220,WHB3743
PRISM,MUX8220,WHB3744
PRISM,MUX8220,WHB3745
PRISM,MUX8221,WHB3746
PRISM,MUX8221,WHB3747
PRISM,MUX8221,WHB3748
PRISM,MUX8221,WHB3749
PRISM,MUX8221,WHB3750
PRISM,MUX8222,WHB3751
PRISM,MUX8222,WHB3752
PRISM,MUX8222,WHB3754
PRISM,MUX8222,WHB3755
PRISM,MUX8235,WHB3756
PRISM,MUX8235,WHB3757
PRISM,MUX8235,WHB3758
PRISM,MUX8235,WHB3759
PRISM,MUX8236,WHB3760
PRISM,MUX8235,WHB3761
PRISM,MUX8236,WHB3762
PRISM,MUX8236,WHB3763
PRISM,MUX8236,WHB3764
PRISM,MUX8236,WHB3765
PRISM,MUX8237,WHB3766
PRISM,MUX8237,WHB3767
PRISM,MUX8237,WHB3768
PRISM,MUX8237,WHB3769
PRISM,MUX8237,WHB3770
PRISM,MUX8238,WHB3771
PRISM,MUX8238,WHB3772
PRISM,MUX8238,WHB3773
PRISM,MUX8238,WHB3774
PRISM,MUX8238,WHB3775
PRISM,MUX8239,WHB3776
PRISM,MUX8239,WHB3777
PRISM,MUX8239,WHB3778
PRISM,MUX8239,WHB3779
PRISM,MUX8240,WHB3781
PRISM,MUX8240,WHB3782
PRISM,MUX8240,WHB3783
PRISM,MUX8240,WHB3784
PRISM,MUX8240,WHB3785
PRISM,MUX8241,WHB3786
PRISM,MUX8241,WHB3787
PRISM,MUX8241,WHB3788
PRISM,MUX8241,WHB3789
PRISM,MUX8241,WHB3790
PRISM,MUX8242,WHB3791
PRISM,MUX8242,WHB3792
PRISM,MUX8242,WHB3794
PRISM,MUX8242,WHB3795
PRISM,MUX8243,WHB3796
PRISM,MUX8243,WHB3797
PRISM,MUX8243,WHB3798
PRISM,MUX8243,WHB3799
PRISM,MUX8243,WHB3800
PRISM,MUX8244,WHB3801
PRISM,MUX8244,WHB3802
PRISM,MUX8244,WHB3803
PRISM,MUX8244,WHB3804
PRISM,MUX8245,WHB3806
PRISM,MUX8245,WHB3807
PRISM,MUX8245,WHB3808
PRISM,MUX8245,WHB3810
PRISM,MUX8246,WHB3811
PRISM,MUX8246,WHB3812
PRISM,MUX8246,WHB3813
PRISM,MUX8246,WHB3814
PRISM,MUX8246,WHB3815
PRISM,MUX8247,WHB3816
PRISM,MUX8247,WHB3817
PRISM,MUX8247,WHB3818
PRISM,MUX8247,WHB3819
PRISM,MUX8247,WHB3820
PRISM,MUX8248,WHB3821
PRISM,MUX8248,WHB3822
PRISM,MUX8248,WHB3823
PRISM,MUX8248,WHB3824
PRISM,MUX8260,WHB3825
PRISM,MUX8248,WHB3826
PRISM,MUX8249,WHB3827
PRISM,MUX8249,WHB3828
PRISM,MUX8249,WHB3829
PRISM,MUX8249,WHB3830
PRISM,MUX8249,WHB3831
PRISM,MUX8250,WHB3832
PRISM,MUX8250,WHB3833
PRISM,MUX8250,WHB3834
PRISM,MUX8250,WHB3835
PRISM,MUX8250,WHB3836
PRISM,MUX8253,WHB3837
PRISM,MUX8253,WHB3838
PRISM,MUX8253,WHB3839
PRISM,MUX8253,WHB3840
PRISM,MUX8260,WHB3841
PRISM,MUX8254,WHB3842
PRISM,MUX8254,WHB3843
PRISM,MUX8254,WHB3844
PRISM,MUX8254,WHB3845
PRISM,MUX8254,WHB3846
PRISM,MUX8259,WHB3847
PRISM,MUX8259,WHB3848
PRISM,MUX8259,WHB3849
PRISM,MUX8259,WHB3851
PRISM,MUX8260,WHB3852
PRISM,MUX8260,WHB3853
GUSTO,MUX8960,WHB3854
GUSTO,MUX8960,WHB3855
GUSTO,MUX8960,WHB3856
GUSTO,MUX8960,WHB3857
GUSTO,MUX8960,WHB3858
GUSTO,MUX8961,WHB3859
GUSTO,MUX8961,WHB3860
GUSTO,MUX8961,WHB3861
GUSTO,MUX8961,WHB3862
GUSTO,MUX8961,WHB3863
GUSTO,MUX8975,WHB3864
GUSTO,MUX8974,WHB3865
GUSTO,MUX8974,WHB3866
GUSTO,MUX8974,WHB3867
GUSTO,MUX8974,WHB3868
GUSTO,MUX8974,WHB3869
GUSTO,MUX8975,WHB3870
GUSTO,MUX8975,WHB3871
GUSTO,MUX8975,WHB3872
GUSTO,MUX8976,WHB3873
GUSTO,MUX8975,WHB3874
GUSTO,MUX8976,WHB3875
GUSTO,MUX8976,WHB3876
GUSTO,MUX8976,WHB3877
GUSTO,MUX8976,WHB3878
GUSTO,MUX8977,WHB3879
GUSTO,MUX8977,WHB3880
GUSTO,MUX8977,WHB3881
GUSTO,MUX8977,WHB3882
GUSTO,MUX8972,WHB3883
GUSTO,MUX8977,WHB3884
GUSTO,MUX8972,WHB3885
GUSTO,MUX8972,WHB3887
GUSTO,MUX8972,WHB3888
GUSTO,MUX8973,WHB3889
GUSTO,MUX8973,WHB3890
GUSTO,MUX8973,WHB3891
GUSTO,MUX8973,WHB3892
GUSTO,MUX8973,WHB3893
GUSTO,MUX8978,WHB3894
GUSTO,MUX8978,WHB3895
GUSTO,MUX8978,WHB3896
GUSTO,MUX8978,WHB3897
GUSTO,MUX8978,WHB3898
GUSTO,MUX8979,WHB3899
GUSTO,MUX8979,WHB3900
GUSTO,MUX8979,WHB3901
GUSTO,MUX8979,WHB3902
GUSTO,MUX8979,WHB3903
GUSTO,MUX8980,WHB3904
GUSTO,MUX8980,WHB3905
GUSTO,MUX8980,WHB3906
GUSTO,MUX8980,WHB3907
GUSTO,MUX8980,WHB3908
GUSTO,MUX8981,WHB3909
GUSTO,MUX8981,WHB3910
GUSTO,MUX8981,WHB3911
GUSTO,MUX8984,WHB3912
GUSTO,MUX8981,WHB3913
GUSTO,MUX8981,WHB3914
GUSTO,MUX8982,WHB3915
GUSTO,MUX8982,WHB3916
GUSTO,MUX8982,WHB3917
GUSTO,MUX8982,WHB3918
GUSTO,MUX8982,WHB3919
GUSTO,MUX8983,WHB3920
GUSTO,MUX8983,WHB3921
GUSTO,MUX8983,WHB3922
GUSTO,MUX8983,WHB3923
GUSTO,MUX8984,WHB3924
GUSTO,MUX8984,WHB3925
GUSTO,MUX8983,WHB3926
GUSTO,MUX8985,WHB3927
GUSTO,MUX8985,WHB3928
GUSTO,MUX8984,WHB3929
GUSTO,MUX8984,WHB3930
GUSTO,MUX8985,WHB3931
GUSTO,MUX8985,WHB3932
GUSTO,MUX8985,WHB3933
GUSTO,MUX8988,WHB3934
GUSTO,MUX8988,WHB3935
GUSTO,MUX9034,WHB3936
GUSTO,MUX8988,WHB3937
GUSTO,MUX8989,WHB3938
GUSTO,MUX8989,WHB3939
GUSTO,MUX8989,WHB3940
GUSTO,MUX8988,WHB3941
GUSTO,MUX8989,WHB3942
GUSTO,MUX8988,WHB3943
GUSTO,MUX8989,WHB3944
GUSTO,MUX9027,WHB3945
GUSTO,MUX9027,WHB3946
GUSTO,MUX9013,WHB3947
GUSTO,MUX9028,WHB3948
GUSTO,MUX9027,WHB3949
GUSTO,MUX9027,WHB3950
GUSTO,MUX9027,WHB3951
GUSTO,MUX9013,WHB3952
GUSTO,MUX9013,WHB3953
GUSTO,MUX9013,WHB3954
GUSTO,MUX9028,WHB3955
GUSTO,MUX9028,WHB3956
GUSTO,MUX9028,WHB3957
GUSTO,MUX9028,WHB3958
GUSTO,MUX9014,WHB3959
GUSTO,MUX9014,WHB3961
GUSTO,MUX9013,WHB3962
GUSTO,MUX9014,WHB3963
GUSTO,MUX9014,WHB3964
GUSTO,MUX9015,WHB3965
GUSTO,MUX9015,WHB3966
GUSTO,MUX9015,WHB3967
GUSTO,MUX9016,WHB3968
GUSTO,MUX9015,WHB3969
GUSTO,MUX9015,WHB3970
GUSTO,MUX9017,WHB3971
GUSTO,MUX9017,WHB3972
GUSTO,MUX9017,WHB3973
GUSTO,MUX9016,WHB3974
GUSTO,MUX9017,WHB3975
GUSTO,MUX9016,WHB3976
GUSTO,MUX9016,WHB3977
GUSTO,MUX9016,WHB3978
GUSTO,MUX9017,WHB3979
GUSTO,MUX9018,WHB3980
GUSTO,MUX9018,WHB3981
GUSTO,MUX9019,WHB3982
GUSTO,MUX9019,WHB3984
GUSTO,MUX9018,WHB3985
GUSTO,MUX9019,WHB3986
GUSTO,MUX9018,WHB3987
GUSTO,MUX9019,WHB3988
GUSTO,MUX9019,WHB3989
GUSTO,MUX9020,WHB3990
GUSTO,MUX9020,WHB3991
GUSTO,MUX9021,WHB3992
GUSTO,MUX9020,WHB3993
GUSTO,MUX9020,WHB3994
GUSTO,MUX9020,WHB3995
GUSTO,MUX9021,WHB3996
GUSTO,MUX9022,WHB3997
GUSTO,MUX9022,WHB3998
GUSTO,MUX9022,WHB3999
GUSTO,MUX9021,WHB4001
GUSTO,MUX9021,WHB4002
GUSTO,MUX9033,WHB4003
GUSTO,MUX9021,WHB4004
GUSTO,MUX9022,WHB4005
GUSTO,MUX9037,WHB4006
GUSTO,MUX9037,WHB4007
GUSTO,MUX9037,WHB4008
GUSTO,MUX9037,WHB4009
GUSTO,MUX9037,WHB4010
GUSTO,MUX9038,WHB4011
GUSTO,MUX9038,WHB4012
GUSTO,MUX9038,WHB4013
GUSTO,MUX9038,WHB4014
GUSTO,MUX9038,WHB4015
GUSTO,MUX9045,WHB4016
GUSTO,MUX9039,WHB4017
GUSTO,MUX9039,WHB4018
GUSTO,MUX9039,WHB4019
GUSTO,MUX9040,WHB4020
GUSTO,MUX9039,WHB4021
GUSTO,MUX9040,WHB4022
GUSTO,MUX9039,WHB4023
GUSTO,MUX9040,WHB4024
GUSTO,MUX9040,WHB4025
GUSTO,MUX9045,WHB4026
GUSTO,MUX9045,WHB4027
GUSTO,MUX9045,WHB4028
GUSTO,MUX9045,WHB4029
GUSTO,MUX9040,WHB4030
GUSTO,MUX9046,WHB4031
GUSTO,MUX9046,WHB4032
GUSTO,MUX9031,WHB4033
GUSTO,MUX9046,WHB4034
GUSTO,MUX9046,WHB4035
GUSTO,MUX9031,WHB4036
GUSTO,MUX9031,WHB4037
GUSTO,MUX9046,WHB4038
GUSTO,MUX9031,WHB4039
GUSTO,MUX9032,WHB4040
GUSTO,MUX9031,WHB4041
GUSTO,MUX9033,WHB4042
GUSTO,MUX9033,WHB4045
GUSTO,MUX9032,WHB4046
GUSTO,MUX9034,WHB4047
GUSTO,MUX9032,WHB4048
GUSTO,MUX9032,WHB4049
GUSTO,MUX9034,WHB4050
GUSTO,MUX9032,WHB4051
GUSTO,MUX9036,WHB4052
GUSTO,MUX9036,WHB4053
GUSTO,MUX9034,WHB4054
GUSTO,MUX9034,WHB4055
GUSTO,MUX9035,WHB4056
GUSTO,MUX9035,WHB4057
GUSTO,MUX9036,WHB4058
GUSTO,MUX9035,WHB4059
GUSTO,MUX9035,WHB4060
GUSTO,MUX9035,WHB4061
GUSTO,MUX9036,WHB4062
GUSTO,MUX9036,WHB4063
GUSTO,MUX9047,WHB4064
GUSTO,MUX9047,WHB4065
GUSTO,MUX9048,WHB4066
GUSTO,MUX9047,WHB4067
GUSTO,MUX9048,WHB4068
GUSTO,MUX9048,WHB4069
GUSTO,MUX9047,WHB4070
GUSTO,MUX9047,WHB4071
GUSTO,MUX9048,WHB4072
GUSTO,MUX9048,WHB4073
GUSTO,MUX9049,WHB4074
GUSTO,MUX9049,WHB4075
GUSTO,MUX9049,WHB4076
GUSTO,MUX9049,WHB4077
GUSTO,MUX9049,WHB4078
GUSTO,MUX9050,WHB4079
GUSTO,MUX9050,WHB4080
GUSTO,MUX9333,WHB4081
GUSTO,MUX9050,WHB4082
GUSTO,MUX9050,WHB4083
GUSTO,MUX9050,WHB4084
GUSTO,MUX9333,WHB4085
GUSTO,MUX9333,WHB4086
GUSTO,MUX9333,WHB4087
GUSTO,MUX9333,WHB4088
GUSTO,MUX9334,WHB4089
GUSTO,MUX9334,WHB4090
GUSTO,MUX9334,WHB4091
GUSTO,MUX9334,WHB4092
GUSTO,MUX9340,WHB4094
GUSTO,MUX9340,WHB4095
GUSTO,MUX9340,WHB4096
GUSTO,MUX9341,WHB4097
GUSTO,MUX9341,WHB4098
GUSTO,MUX9341,WHB4099
GUSTO,MUX9340,WHB4100
GUSTO,MUX9340,WHB4101
GUSTO,MUX9341,WHB4102
GUSTO,MUX9056,WHB4104
GUSTO,MUX9056,WHB4105
GUSTO,MUX9055,WHB4106
GUSTO,MUX9055,WHB4107
GUSTO,MUX9056,WHB4108
GUSTO,MUX9085,WHB4109
GUSTO,MUX9055,WHB4110
GUSTO,MUX9055,WHB4111
GUSTO,MUX9055,WHB4112
GUSTO,MUX9057,WHB4113
GUSTO,MUX9056,WHB4114
GUSTO,MUX9057,WHB4116
GUSTO,MUX9056,WHB4117
GUSTO,MUX9057,WHB4118
GUSTO,MUX9082,WHB4119
GUSTO,MUX9058,WHB4120
GUSTO,MUX9058,WHB4121
GUSTO,MUX9058,WHB4122
GUSTO,MUX9058,WHB4123
GUSTO,MUX9057,WHB4124
GUSTO,MUX9082,WHB4125
GUSTO,MUX9083,WHB4126
GUSTO,MUX9058,WHB4127
GUSTO,MUX9083,WHB4128
GUSTO,MUX9086,WHB4129
GUSTO,MUX9082,WHB4130
GUSTO,MUX9082,WHB4131
GUSTO,MUX9082,WHB4132
GUSTO,MUX9083,WHB4133
GUSTO,MUX9083,WHB4134
GUSTO,MUX9084,WHB4135
GUSTO,MUX9083,WHB4136
GUSTO,MUX9084,WHB4137
GUSTO,MUX9084,WHB4139
GUSTO,MUX9084,WHB4140
GUSTO,MUX9086,WHB4141
GUSTO,MUX9085,WHB4142
GUSTO,MUX9086,WHB4143
GUSTO,MUX9086,WHB4144
GUSTO,MUX9085,WHB4145
GUSTO,MUX9085,WHB4146
GUSTO,MUX9086,WHB4147
GUSTO,MUX9087,WHB4149
GUSTO,MUX9087,WHB4150
GUSTO,MUX9087,WHB4151
GUSTO,MUX9087,WHB4152
GUSTO,MUX9089,WHB4153
GUSTO,MUX9088,WHB4154
GUSTO,MUX9088,WHB4155
GUSTO,MUX9090,WHB4156
GUSTO,MUX9087,WHB4157
GUSTO,MUX9088,WHB4158
GUSTO,MUX9089,WHB4159
GUSTO,MUX9089,WHB4160
GUSTO,MUX9089,WHB4161
GUSTO,MUX9088,WHB4162
GUSTO,MUX9088,WHB4163
GUSTO,MUX9089,WHB4164
GUSTO,MUX9091,WHB4165
GUSTO,MUX9090,WHB4166
GUSTO,MUX9091,WHB4167
GUSTO,MUX9091,WHB4168
GUSTO,MUX9091,WHB4169
GUSTO,MUX9091,WHB4170
GUSTO,MUX9092,WHB4171
GUSTO,MUX9092,WHB4172
GUSTO,MUX9090,WHB4173
GUSTO,MUX9090,WHB4174
GUSTO,MUX9092,WHB4175
GUSTO,MUX9090,WHB4176
GUSTO,MUX9092,WHB4177
GUSTO,MUX9093,WHB4178
GUSTO,MUX9092,WHB4179
GUSTO,MUX9093,WHB4180
GUSTO,MUX9094,WHB4181
GUSTO,MUX9093,WHB4182
GUSTO,MUX9094,WHB4183
GUSTO,MUX9093,WHB4184
GUSTO,MUX9093,WHB4185
GUSTO,MUX9094,WHB4186
GUSTO,MUX9094,WHB4187
GUSTO,MUX9094,WHB4188
GUSTO,MUX9095,WHB4189
GUSTO,MUX9095,WHB4190
GUSTO,MUX9095,WHB4191
GUSTO,MUX9095,WHB4192
GUSTO,MUX9095,WHB4193
GUSTO,MUX9096,WHB4194
GUSTO,MUX9096,WHB4195
GUSTO,MUX9096,WHB4196
GUSTO,MUX9096,WHB4198
GUSTO,MUX9096,WHB4199
GUSTO,MUX9097,WHB4200
GUSTO,MUX9097,WHB4201
GUSTO,MUX9097,WHB4202
GUSTO,MUX9097,WHB4203
GUSTO,MUX9098,WHB4204
GUSTO,MUX9098,WHB4205
GUSTO,MUX9098,WHB4206
GUSTO,MUX9098,WHB4207
GUSTO,MUX9098,WHB4208
GUSTO,MUX9099,WHB4209
GUSTO,MUX9101,WHB4211
GUSTO,MUX9099,WHB4212
GUSTO,MUX9099,WHB4213
GUSTO,MUX9099,WHB4214
GUSTO,MUX9099,WHB4215
GUSTO,MUX9100,WHB4216
GUSTO,MUX9100,WHB4217
GUSTO,MUX9100,WHB4218
GUSTO,MUX9100,WHB4219
GUSTO,MUX9100,WHB4220
GUSTO,MUX9102,WHB4221
GUSTO,MUX9102,WHB4222
GUSTO,MUX9101,WHB4223
GUSTO,MUX9102,WHB4224
GUSTO,MUX9101,WHB4225
GUSTO,MUX9101,WHB4226
GUSTO,MUX9102,WHB4227
GUSTO,MUX9102,WHB4228
GUSTO,MUX9103,WHB4229
GUSTO,MUX9103,WHB4230
GUSTO,MUX9103,WHB4231
GUSTO,MUX9103,WHB4232
GUSTO,MUX9104,WHB4233
GUSTO,MUX9106,WHB4234
GUSTO,MUX9103,WHB4235
GUSTO,MUX9104,WHB4236
GUSTO,MUX9104,WHB4237
GUSTO,MUX9104,WHB4238
GUSTO,MUX9104,WHB4239
GUSTO,MUX9105,WHB4240
GUSTO,MUX9105,WHB4241
GUSTO,MUX9105,WHB4242
GUSTO,MUX9105,WHB4243
GUSTO,MUX9106,WHB4244
GUSTO,MUX9105,WHB4245
GUSTO,MUX9106,WHB4246
GUSTO,MUX9106,WHB4247
GUSTO,MUX9106,WHB4248
GUSTO,MUX9108,WHB4249
GUSTO,MUX9107,WHB4250
GUSTO,MUX9107,WHB4251
GUSTO,MUX9107,WHB4252
GUSTO,MUX9108,WHB4253
GUSTO,MUX9108,WHB4254
GUSTO,MUX9108,WHB4255
GUSTO,MUX9108,WHB4256
GUSTO,MUX9107,WHB4257
GUSTO,MUX9109,WHB4258
GUSTO,MUX9107,WHB4259
GUSTO,MUX9109,WHB4260
GUSTO,MUX9109,WHB4261
GUSTO,MUX9109,WHB4262
GUSTO,MUX9109,WHB4263
GUSTO,MUX9111,WHB4264
GUSTO,MUX9110,WHB4265
GUSTO,MUX9110,WHB4266
GUSTO,MUX9110,WHB4267
GUSTO,MUX9110,WHB4268
GUSTO,MUX9110,WHB4269
GUSTO,MUX9111,WHB4270
GUSTO,MUX9111,WHB4272
GUSTO,MUX9123,WHB4273
GUSTO,MUX9123,WHB4274
GUSTO,MUX9123,WHB4275
GUSTO,MUX9123,WHB4276
GUSTO,MUX9111,WHB4277
GUSTO,MUX9123,WHB4278
GUSTO,MUX9124,WHB4279
GUSTO,MUX9125,WHB4280
GUSTO,MUX9126,WHB4281
GUSTO,MUX9124,WHB4282
GUSTO,MUX9124,WHB4283
GUSTO,MUX9127,WHB4284
GUSTO,MUX9125,WHB4285
GUSTO,MUX9125,WHB4286
GUSTO,MUX9124,WHB4287
GUSTO,MUX9124,WHB4288
GUSTO,MUX9126,WHB4289
GUSTO,MUX9126,WHB4290
GUSTO,MUX9126,WHB4291
GUSTO,MUX9125,WHB4292
GUSTO,MUX9126,WHB4293
GUSTO,MUX9127,WHB4294
GUSTO,MUX9127,WHB4295
GUSTO,MUX9127,WHB4296
GUSTO,MUX9125,WHB4297
GUSTO,MUX9127,WHB4298
GUSTO,MUX9128,WHB4299
GUSTO,MUX9128,WHB4300
GUSTO,MUX9128,WHB4301
GUSTO,MUX9128,WHB4302
GUSTO,MUX9137,WHB4303
GUSTO,MUX9128,WHB4304
GUSTO,MUX9129,WHB4305
GUSTO,MUX9129,WHB4306
GUSTO,MUX9129,WHB4307
GUSTO,MUX9129,WHB4308
GUSTO,MUX9129,WHB4309
GUSTO,MUX9130,WHB4310
GUSTO,MUX9130,WHB4311
GUSTO,MUX9130,WHB4312
GUSTO,MUX9130,WHB4313
GUSTO,MUX9137,WHB4314
GUSTO,MUX9130,WHB4315
GUSTO,MUX9131,WHB4316
GUSTO,MUX9131,WHB4317
GUSTO,MUX9131,WHB4318
GUSTO,MUX9131,WHB4319
GUSTO,MUX9131,WHB4320
GUSTO,MUX9132,WHB4321
GUSTO,MUX9132,WHB4322
GUSTO,MUX9132,WHB4323
GUSTO,MUX9139,WHB4325
GUSTO,MUX9132,WHB4326
GUSTO,MUX9138,WHB4327
GUSTO,MUX9138,WHB4328
GUSTO,MUX9138,WHB4329
GUSTO,MUX9138,WHB4330
GUSTO,MUX9136,WHB4331
GUSTO,MUX9138,WHB4332
GUSTO,MUX9136,WHB4333
GUSTO,MUX9137,WHB4334
GUSTO,MUX9137,WHB4335
GUSTO,MUX9139,WHB4336
GUSTO,MUX9139,WHB4337
GUSTO,MUX9137,WHB4338
GUSTO,MUX9139,WHB4339
GUSTO,MUX9139,WHB4340
GUSTO,MUX9140,WHB4341
GUSTO,MUX9140,WHB4342
GUSTO,MUX9140,WHB4343
GUSTO,MUX9134,WHB4344
GUSTO,MUX9140,WHB4345
GUSTO,MUX9140,WHB4346
GUSTO,MUX9134,WHB4347
GUSTO,MUX9133,WHB4348
GUSTO,MUX9133,WHB4349
GUSTO,MUX9133,WHB4350
GUSTO,MUX9133,WHB4351
GUSTO,MUX9134,WHB4352
GUSTO,MUX9133,WHB4353
GUSTO,MUX9134,WHB4354
GUSTO,MUX9134,WHB4355
GUSTO,MUX9135,WHB4356
GUSTO,MUX9135,WHB4357
GUSTO,MUX9141,WHB4358
GUSTO,MUX9135,WHB4359
GUSTO,MUX9141,WHB4360
GUSTO,MUX9141,WHB4361
GUSTO,MUX9135,WHB4362
GUSTO,MUX9135,WHB4363
GUSTO,MUX9141,WHB4364
GUSTO,MUX9141,WHB4365
GUSTO,MUX9143,WHB4366
GUSTO,MUX9142,WHB4367
GUSTO,MUX9144,WHB4368
GUSTO,MUX9142,WHB4369
GUSTO,MUX9144,WHB4370
GUSTO,MUX9142,WHB4371
GUSTO,MUX9142,WHB4372
GUSTO,MUX9136,WHB4373
GUSTO,MUX9142,WHB4374
GUSTO,MUX9143,WHB4375
GUSTO,MUX9143,WHB4376
GUSTO,MUX9143,WHB4377
GUSTO,MUX9144,WHB4378
GUSTO,MUX9143,WHB4379
GUSTO,MUX9144,WHB4380
GUSTO,MUX9144,WHB4381
GUSTO,MUX9145,WHB4382
GUSTO,MUX9145,WHB4383
GUSTO,MUX9145,WHB4384
GUSTO,MUX9147,WHB4385
GUSTO,MUX9145,WHB4386
GUSTO,MUX9145,WHB4387
GUSTO,MUX9146,WHB4388
GUSTO,MUX9146,WHB4389
GUSTO,MUX9146,WHB4390
GUSTO,MUX9146,WHB4391
GUSTO,MUX9146,WHB4392
GUSTO,MUX9151,WHB4393
GUSTO,MUX9148,WHB4394
GUSTO,MUX9148,WHB4395
GUSTO,MUX9147,WHB4396
GUSTO,MUX9136,WHB4397
GUSTO,MUX9147,WHB4398
GUSTO,MUX9147,WHB4399
GUSTO,MUX9148,WHB4400
GUSTO,MUX9147,WHB4401
GUSTO,MUX9148,WHB4402
GUSTO,MUX9148,WHB4403
GUSTO,MUX9149,WHB4404
GUSTO,MUX9136,WHB4405
GUSTO,MUX9149,WHB4406
GUSTO,MUX9149,WHB4407
GUSTO,MUX9149,WHB4408
GUSTO,MUX9150,WHB4409
GUSTO,MUX9150,WHB4410
GUSTO,MUX9149,WHB4411
GUSTO,MUX9150,WHB4412
GUSTO,MUX9152,WHB4413
GUSTO,MUX9152,WHB4414
GUSTO,MUX9150,WHB4415
GUSTO,MUX9150,WHB4416
GUSTO,MUX9152,WHB4417
GUSTO,MUX9151,WHB4418
GUSTO,MUX9151,WHB4419
GUSTO,MUX9151,WHB4420
GUSTO,MUX9152,WHB4421
GUSTO,MUX9152,WHB4422
GUSTO,MUX9151,WHB4423
GUSTO,MUX9153,WHB4424
GUSTO,MUX9153,WHB4425
GUSTO,MUX9158,WHB4427
GUSTO,MUX9186,WHB4429
GUSTO,MUX9153,WHB4430
GUSTO,MUX9153,WHB4431
GUSTO,MUX9154,WHB4432
GUSTO,MUX9154,WHB4433
GUSTO,MUX9154,WHB4434
GUSTO,MUX9154,WHB4435
GUSTO,MUX9154,WHB4436
GUSTO,MUX9156,WHB4437
