HELIOS,MUX9695,WHB10002
HELIOS,MUX9695,WHB10009
HELIOS,MUX9696,WHB10014
HELIOS,MUX9701,WHB10046
HELIOS,MUX9766,WHB10093
HELIOS,MUX9843,WHB10094
HELIOS,MUX9768,WHB10107
HELIOS,MUX9767,WHB10110
HELIOS,MUX9745,WHB10189
HELIOS,MUX9747,WHB10207
HELIOS,MUX9800,WHB10239
HELIOS,MUX9726,WHB10276
HELIOS,MUX9804,WHB10368
HELIOS,MUX9824,WHB10385
HELIOS,MUX9829,WHB10417
HELIOS,MUX9831,WHB10424
HELIOS,MUX9832,WHB10426
HELIOS,MUX9807,WHB10460
HELIOS,MUX9936,WHB10569
HELIOS,MUX9937,WHB10599
MEC,MUX10606,WHB10691
MEC,MUX10610,WHB10715
MEC,MUX10622,WHB10737
MEC,MUX10625,WHB10754
MEC,MUX10638,WHB10782
MEC,MUX10668,WHB10816
MEC,MUX10668,WHB10820
MEC,MUX10670,WHB10829
MEC,MUX10630,WHB10840
MEC,MUX10642,WHB10865
MEC,MUX10701,WHB10905
MEC,MUX10704,WHB10923
MEC,MUX10706,WHB10925
MEC,MUX10712,WHB10956
MEC,MUX10675,WHB10986
MEC,MUX10681,WHB11014
MEC,MUX10685,WHB11036
MEC,MUX10691,WHB11068
MEC,MUX10745,WHB11102
PRISM,MUX8076,WHB3389
PRISM,MUX8078,WHB3402
PRISM,MUX8080,WHB3405
PRISM,MUX8082,WHB3416
PRISM,MUX8084,WHB3428
PRISM,MUX8085,WHB3432
PRISM,MUX8089,WHB3450
PRISM,MUX8100,WHB3473
PRISM,MUX8100,WHB3475
PRISM,MUX8101,WHB3484
PRISM,MUX8104,WHB3500
PRISM,MUX8106,WHB3510
PRISM,MUX8107,WHB3513
PRISM,MUX8107,WHB3516
PRISM,MUX8108,WHB3519
PRISM,MUX8119,WHB3530
PRISM,MUX8122,WHB3544
PRISM,MUX8124,WHB3554
PRISM,MUX8183,WHB3574
PRISM,MUX8184,WHB3583
PRISM,MUX8189,WHB3606
PRISM,MUX8193,WHB3624
PRISM,MUX8193,WHB3626
PRISM,MUX8194,WHB3629
PRISM,MUX8205,WHB3645
PRISM,MUX8196,WHB3662
PRISM,MUX8197,WHB3665
PRISM,MUX8198,WHB3670
PRISM,MUX8212,WHB3721
PRISM,MUX8219,WHB3738
PRISM,MUX8222,WHB3755
PRISM,MUX8235,WHB3758
PRISM,MUX8237,WHB3768
PRISM,MUX8238,WHB3775
PRISM,MUX8239,WHB3779
PRISM,MUX8241,WHB3789
PRISM,MUX8243,WHB3796
PRISM,MUX8243,WHB3798
PRISM,MUX8244,WHB3803
PRISM,MUX8248,WHB3821
PRISM,MUX8248,WHB3822
PRISM,MUX8250,WHB3832
PRISM,MUX8250,WHB3836
PRISM,MUX8253,WHB3837
GUSTO,MUX8960,WHB3854
GUSTO,MUX8975,WHB3864
GUSTO,MUX8974,WHB3866
GUSTO,MUX8972,WHB3888
GUSTO,MUX8981,WHB3909
GUSTO,MUX8981,WHB3910
GUSTO,MUX8982,WHB3915
GUSTO,MUX8982,WHB3916
GUSTO,MUX8983,WHB3922
GUSTO,MUX8985,WHB3927
GUSTO,MUX8985,WHB3928
GUSTO,MUX8985,WHB3931
GUSTO,MUX8989,WHB3939
GUSTO,MUX9013,WHB3962
GUSTO,MUX9017,WHB3972
GUSTO,MUX9019,WHB3989
GUSTO,MUX9022,WHB3997
GUSTO,MUX9022,WHB3999
GUSTO,MUX9022,WHB4005
GUSTO,MUX9037,WHB4006
GUSTO,MUX9037,WHB4007
GUSTO,MUX9038,WHB4011
GUSTO,MUX9038,WHB4012
GUSTO,MUX9046,WHB4035
GUSTO,MUX9032,WHB4051
GUSTO,MUX9049,WHB4076
GUSTO,MUX9049,WHB4077
GUSTO,MUX9340,WHB4101
GUSTO,MUX9058,WHB4122
GUSTO,MUX9084,WHB4137
GUSTO,MUX9085,WHB4142
GUSTO,MUX9094,WHB4183
GUSTO,MUX9097,WHB4203
GUSTO,MUX9101,WHB4211
GUSTO,MUX9101,WHB4223
GUSTO,MUX9102,WHB4228
GUSTO,MUX9103,WHB4235
GUSTO,MUX9109,WHB4261
GUSTO,MUX9123,WHB4276
GUSTO,MUX9123,WHB4278
GUSTO,MUX9126,WHB4281
GUSTO,MUX9126,WHB4291
GUSTO,MUX9127,WHB4298
GUSTO,MUX9130,WHB4315
GUSTO,MUX9132,WHB4326
GUSTO,MUX9137,WHB4338
GUSTO,MUX9142,WHB4367
GUSTO,MUX9143,WHB4376
GUSTO,MUX9144,WHB4381
GUSTO,MUX9145,WHB4387
GUSTO,MUX9148,WHB4394
GUSTO,MUX9148,WHB4400
GUSTO,MUX9152,WHB4413
GUSTO,MUX9159,WHB4450
GUSTO,MUX9159,WHB4451
GUSTO,MUX9194,WHB4480
GUSTO,MUX9196,WHB4490
GUSTO,MUX9197,WHB4504
GUSTO,MUX9200,WHB4515
GUSTO,MUX9201,WHB4526
GUSTO,MUX9204,WHB4539
GUSTO,MUX9207,WHB4544
GUSTO,MUX9208,WHB4550
GUSTO,MUX9210,WHB4560
GUSTO,MUX9216,WHB4587
GUSTO,MUX9217,WHB4589
GUSTO,MUX9227,WHB4596
GUSTO,MUX9227,WHB4598
GUSTO,MUX9229,WHB4603
GUSTO,MUX9228,WHB4604
GUSTO,MUX9229,WHB4605
GUSTO,MUX9232,WHB4622
GUSTO,MUX9233,WHB4628
GUSTO,MUX9237,WHB4643
GUSTO,MUX9238,WHB4651
GUSTO,MUX9240,WHB4661
GUSTO,MUX9242,WHB4667
GUSTO,MUX9254,WHB4669
GUSTO,MUX9255,WHB4675
GUSTO,MUX9245,WHB4689
GUSTO,MUX9261,WHB4710
GUSTO,MUX9264,WHB4715
GUSTO,MUX9241,WHB4720
GUSTO,MUX9263,WHB4722
GUSTO,MUX9276,WHB4733
GUSTO,MUX9277,WHB4739
GUSTO,MUX9280,WHB4753
GUSTO,MUX9281,WHB4760
GUSTO,MUX9285,WHB4766
GUSTO,MUX9285,WHB4771
GUSTO,MUX9286,WHB4781
GUSTO,MUX9283,WHB4787
GUSTO,MUX9292,WHB4790
GUSTO,MUX9295,WHB4795
GUSTO,MUX9293,WHB4802
GUSTO,MUX9295,WHB4804
GUSTO,MUX9305,WHB4819
GUSTO,MUX9305,WHB4825
GUSTO,MUX9309,WHB4845
GUSTO,MUX9309,WHB4846
PRISM,MUX8257,WHB4866
PRISM,MUX8257,WHB4867
PRISM,MUX8277,WHB4914
PRISM,MUX8277,WHB4916
PRISM,MUX8277,WHB4918
PRISM,MUX8278,WHB4923
PRISM,MUX8281,WHB4938
PRISM,MUX8282,WHB4943
PRISM,MUX8302,WHB4954
PRISM,MUX8302,WHB4956
PRISM,MUX8303,WHB4959
PRISM,MUX8309,WHB4965
PRISM,MUX8310,WHB4969
PRISM,MUX8310,WHB4970
PRISM,MUX8314,WHB4990
PRISM,MUX8315,WHB4996
PRISM,MUX8316,WHB5003
PRISM,MUX8353,WHB5055
PRISM,MUX8329,WHB5079
PRISM,MUX8329,WHB5082
PRISM,MUX8330,WHB5084
PRISM,MUX8332,WHB5095
PRISM,MUX8337,WHB5109
PRISM,MUX8364,WHB5157
PRISM,MUX8367,WHB5170
PRISM,MUX8367,WHB5172
PRISM,MUX8368,WHB5175
PRISM,MUX8368,WHB5176
PRISM,MUX8370,WHB5185
PRISM,MUX8386,WHB5341
TTSH,MUX5179,WHB535
PRISM,MUX8388,WHB5350
PRISM,MUX8390,WHB5360
PRISM,MUX8391,WHB5365
PRISM,MUX8435,WHB5403
PRISM,MUX8436,WHB5408
TTSH,MUX5179,WHB541
PRISM,MUX8437,WHB5414
PRISM,MUX8445,WHB5440
PRISM,MUX8459,WHB5456
PRISM,MUX8460,WHB5464
PRISM,MUX8461,WHB5469
HELIOS,MUX8680,WHB5487
TTSH,MUX5180,WHB549
HELIOS,MUX8688,WHB5534
HELIOS,MUX8699,WHB5572
HELIOS,MUX8700,WHB5577
TTSH,MUX5181,WHB558
HELIOS,MUX8746,WHB5602
HELIOS,MUX8718,WHB5653
HELIOS,MUX8721,WHB5669
HELIOS,MUX8748,WHB5680
HELIOS,MUX8755,WHB5715
TTSH,MUX5228,WHB578
HELIOS,MUX8783,WHB5850
TTSH,MUX5167,WHB587
TTSH,MUX5242,WHB595
TTSH,MUX5168,WHB598
TTSH,MUX5168,WHB607
TTSH,MUX5169,WHB609
HELIOS,MUX9367,WHB6115
HELIOS,MUX9367,WHB6118
HELIOS,MUX9369,WHB6119
HELIOS,MUX9400,WHB6147
HELIOS,MUX9402,WHB6165
TTSH,MUX5240,WHB619
HELIOS,MUX9391,WHB6196
TTSH,MUX5240,WHB621
TTSH,MUX5240,WHB622
TTSH,MUX5240,WHB624
MEC,MUX9992,WHB6265
MEC,MUX9999,WHB6349
TTSH,MUX5170,WHB636
MEC,MUX9960,WHB6364
MEC,MUX9980,WHB6399
MEC,MUX9980,WHB6400
MEC,MUX10039,WHB6452
TTSH,MUX5171,WHB655
MEC,MUX10033,WHB6550
MEC,MUX10038,WHB6583
TTSH,MUX5172,WHB660
TTSH,MUX5172,WHB662
MEC,MUX10067,WHB6654
MEC,MUX10144,WHB6712
MEC,MUX10149,WHB6721
MEC,MUX10149,WHB6724
MEC,MUX10560,WHB6725
TTSH,MUX5173,WHB673
MEC,MUX10147,WHB6758
MEC,MUX10071,WHB6784
TTSH,MUX5229,WHB683
MEC,MUX10085,WHB6854
MEC,MUX10098,WHB6896
MEC,MUX10102,WHB6916
MEC,MUX10110,WHB6957
TTSH,MUX5183,WHB696
TTSH,MUX5183,WHB698
MEC,MUX10115,WHB6986
MEC,MUX10293,WHB6992
MEC,MUX10115,WHB6994
MEC,MUX10118,WHB7014
MEC,MUX10138,WHB7064
MEC,MUX10164,WHB7092
MEC,MUX10165,WHB7095
TTSH,MUX5184,WHB710
MEC,MUX10167,WHB7106
MEC,MUX10175,WHB7148
MEC,MUX10176,WHB7155
MEC,MUX10179,WHB7165
MEC,MUX10184,WHB7194
MEC,MUX10191,WHB7216
TTSH,MUX5186,WHB722
MEC,MUX10194,WHB7235
MEC,MUX10204,WHB7286
MEC,MUX10204,WHB7287
MEC,MUX10248,WHB7382
MEC,MUX10251,WHB7395
MEC,MUX10256,WHB7420
MEC,MUX10261,WHB7443
TTSH,MUX5188,WHB747
MEC,MUX10266,WHB7472
MEC,MUX10290,WHB7544
MEC,MUX10043,WHB7557
TTSH,MUX5188,WHB757
MEC,MUX10053,WHB7614
MEC,MUX9970,WHB7668
MEC,MUX9974,WHB7686
TTSH,MUX5227,WHB769
MEC,MUX9975,WHB7692
MEC,MUX9977,WHB7698
MEC,MUX9976,WHB7702
MEC,MUX9967,WHB7729
MEC,MUX10310,WHB7781
MEC,MUX10297,WHB7796
MEC,MUX10301,WHB7818
MEC,MUX10302,WHB7822
MEC,MUX10334,WHB7935
MEC,MUX10566,WHB7958
MEC,MUX10590,WHB8028
MEC,MUX10377,WHB8068
MEC,MUX10360,WHB8070
TTSH,MUX5234,WHB816
MEC,MUX10368,WHB8161
MEC,MUX10381,WHB8193
TTSH,MUX5234,WHB825
TTSH,MUX5235,WHB826
MEC,MUX10397,WHB8285
MEC,MUX10398,WHB8290
MEC,MUX10424,WHB8339
TTSH,MUX5235,WHB836
TTSH,MUX5236,WHB839
MEC,MUX10427,WHB8391
TTSH,MUX5236,WHB840
MEC,MUX10430,WHB8410
MEC,MUX10431,WHB8414
TTSH,MUX5236,WHB845
MEC,MUX10438,WHB8451
MEC,MUX10438,WHB8452
MEC,MUX10444,WHB8480
MEC,MUX10444,WHB8481
MEC,MUX10762,WHB8517
MEC,MUX10464,WHB8520
MEC,MUX10469,WHB8551
MEC,MUX10474,WHB8575
MEC,MUX10479,WHB8597
MEC,MUX10492,WHB8665
MEC,MUX10493,WHB8672
MEC,MUX10498,WHB8695
MEC,MUX10498,WHB8696
MEC,MUX10519,WHB8747
MEC,MUX10519,WHB8748
HELIOS,MUX9426,WHB8814
HELIOS,MUX9710,WHB8840
HELIOS,MUX9430,WHB8858
HELIOS,MUX9430,WHB8859
HELIOS,MUX9436,WHB8890
HELIOS,MUX9445,WHB8935
HELIOS,MUX9456,WHB8983
HELIOS,MUX9456,WHB8986
HELIOS,MUX9454,WHB8999
HELIOS,MUX9577,WHB9047
HELIOS,MUX9498,WHB9073
HELIOS,MUX9502,WHB9093
HELIOS,MUX9471,WHB9133
HELIOS,MUX9513,WHB9264
HELIOS,MUX9515,WHB9276
HELIOS,MUX9515,WHB9281
HELIOS,MUX9517,WHB9293
HELIOS,MUX9522,WHB9315
HELIOS,MUX9522,WHB9317
HELIOS,MUX9542,WHB9360
HELIOS,MUX9811,WHB9408
HELIOS,MUX9573,WHB9430
HELIOS,MUX9560,WHB9443
HELIOS,MUX9564,WHB9469
HELIOS,MUX9566,WHB9477
HELIOS,MUX9567,WHB9487
HELIOS,MUX9590,WHB9516
HELIOS,MUX9591,WHB9519
HELIOS,MUX9596,WHB9552
HELIOS,MUX9612,WHB9579
HELIOS,MUX9602,WHB9590
HELIOS,MUX9611,WHB9635
HELIOS,MUX9612,WHB9640
HELIOS,MUX9617,WHB9663
HELIOS,MUX9630,WHB9735
HELIOS,MUX9645,WHB9751
HELIOS,MUX9814,WHB9759
HELIOS,MUX9647,WHB9769
HELIOS,MUX9659,WHB9839
HELIOS,MUX9663,WHB9851
HELIOS,MUX9665,WHB9854
HELIOS,MUX9665,WHB9855
HELIOS,MUX9667,WHB9870
HELIOS,MUX9675,WHB9900
HELIOS,MUX9673,WHB9901
HELIOS,MUX9684,WHB9952
HELIOS,MUX9691,WHB9987
HELIOS,MUX9689,WHB9996
SERI,MUX3936,WHH1096
SERI,MUX3936,WHH1097
SERI,MUX3936,WHH1122
SERI,MUX3936,WHH1136
SERI,MUX3936,WHH1147
SERI,MUX3949,WHH1158
SERI,MUX3949,WHH1190
SERI,MUX3949,WHH1197
SERI,MUX3949,WHH1237
SERI,MUX3949,WHH1248
SERI,MUX3949,WHH1249
SERI,MUX3969,WHH1253
SERI,MUX3969,WHH1276
SERI,MUX3969,WHH1284
SERI,MUX3969,WHH1291
SERI,MUX3969,WHH1294
SERI,MUX3969,WHH1302
SERI,MUX3969,WHH1303
SERI,MUX3969,WHH1319
SERI,MUX3969,WHH1321
SERI,MUX3969,WHH1324
SERI,MUX3969,WHH1329
SERI,MUX3969,WHH1342
SERI,MUX3969,WHH1343
SERI,MUX3971,WHH1351
SERI,MUX3971,WHH1385
SERI,MUX3971,WHH1398
SERI,MUX3971,WHH1401
SERI,MUX3971,WHH1403
SERI,MUX3971,WHH1423
SERI,MUX3971,WHH1439
SERI,MUX4050,WHH1462
SERI,MUX4050,WHH1493
SERI,MUX4050,WHH1507
SERI,MUX4050,WHH1511
SERI,MUX4050,WHH1512
SERI,MUX4050,WHH1513
SERI,MUX4050,WHH1536
SERI,MUX4068,WHH1580
SERI,MUX4068,WHH1584
SERI,MUX4068,WHH1587
SERI,MUX4068,WHH1603
SERI,MUX4068,WHH1614
SERI,MUX4127,WHH1846
SERI,MUX4127,WHH1848
SERI,MUX4127,WHH1854
SERI,MUX4127,WHH1895
SERI,MUX4127,WHH1897
SERI,MUX4150,WHH2127
SERI,MUX4150,WHH2168
SERI,MUX4150,WHH2189
SERI,MUX4150,WHH2203
SERI,MUX4150,WHH2208
SERI,MUX4150,WHH2209
PRISM,MUX4212,WHH2329
PRISM,MUX4212,WHH2332
PRISM,MUX4212,WHH2357
PRISM,MUX4212,WHH2395
SERI,MUX3275,WHH429
TTSH,MUX5287,WHH4826
TTSH,MUX5287,WHH4831
TTSH,MUX5288,WHH4837
TTSH,MUX5288,WHH4844
TTSH,MUX5295,WHH4869
TTSH,MUX5297,WHH4901
TTSH,MUX5299,WHH4929
TTSH,MUX5299,WHH4933
TTSH,MUX5255,WHH5000
TTSH,MUX5243,WHH5006
TTSH,MUX5243,WHH5014
TTSH,MUX5244,WHH5033
TTSH,MUX5246,WHH5062
TTSH,MUX5246,WHH5063
TTSH,MUX5246,WHH5064
TTSH,MUX5247,WHH5072
TTSH,MUX5247,WHH5074
TTSH,MUX5250,WHH5109
TTSH,MUX5261,WHH5159
TTSH,MUX5261,WHH5160
TTSH,MUX5261,WHH5161
TTSH,MUX5264,WHH5170
TTSH,MUX5266,WHH5178
TTSH,MUX5266,WHH5188
SERI,MUX3275,WHH520
SERI,MUX3316,WHH533
SERI,MUX3316,WHH550
SERI,MUX3316,WHH552
SERI,MUX3316,WHH559
SERI,MUX3316,WHH591
SERI,MUX3316,WHH608
SERI,MUX3316,WHH609
SERI,MUX3316,WHH612
SERI,MUX3316,WHH617
SERI,MUX3316,WHH620
SERI,MUX3359,WHH635
SERI,MUX3359,WHH636
SERI,MUX3359,WHH675
HELIOS,MUX8831,WHH6818
HELIOS,MUX8835,WHH6868
SERI,MUX3359,WHH687
HELIOS,MUX8846,WHH6914
HELIOS,MUX8850,WHH6931
HELIOS,MUX8853,WHH6952
HELIOS,MUX8857,WHH6963
HELIOS,MUX8855,WHH6964
HELIOS,MUX8944,WHH6980
HELIOS,MUX8871,WHH7034
HELIOS,MUX8872,WHH7041
HELIOS,MUX8946,WHH7080
HELIOS,MUX8935,WHH7083
HELIOS,MUX8950,WHH7139
HELIOS,MUX8950,WHH7142
HELIOS,MUX8951,WHH7153
HELIOS,MUX8951,WHH7158
SERI,MUX3381,WHH718
SERI,MUX3381,WHH728
SERI,MUX3381,WHH732
SERI,MUX3381,WHH758
SERI,MUX3381,WHH761
SERI,MUX3381,WHH771
SERI,MUX3381,WHH772
SERI,MUX3381,WHH782
SERI,MUX3434,WHH839
SERI,MUX3434,WHH849
SERI,MUX3434,WHH860
SERI,MUX3434,WHH868
SERI,MUX3434,WHH872
SERI,MUX3529,WHH942
SERI,MUX3529,WHH966
SERI,MUX3529,WHH981
SERI,MUX3529,WHH987
SERI,MUX3529,WHH999
PRISM,PRISM_topup,0116-0065
PRISM,PRISM_topup,0416-0025
PRISM,PRISM_topup,0416-0079
PRISM,PRISM_topup,0515-0023
PRISM,PRISM_topup,0615-0016
PRISM,PRISM_topup,0815-0028
PRISM,PRISM_topup,0915-0012
PRISM,PRISM_topup,0915-0068
PRISM,PRISM_topup,1015-0044
PRISM,PRISM_topup,1015-0053
PRISM,PRISM_topup,1015-0087
PRISM,PRISM_topup,1214-0068
SSMP,SSMP_001_to_009,SSM002
SSMP,SSMP_001_to_009,SSM003
SSMP,SSMP_001_to_009,SSM004
SSMP,SSMP_001_to_009,SSM007
SSMP,SSMP_001_to_009,SSM009
SSMP,SSMP_010_to_019,SSM010
SSMP,SSMP_010_to_019,SSM011
SSMP,SSMP_010_to_019,SSM012
SSMP,SSMP_010_to_019,SSM013
SSMP,SSMP_010_to_019,SSM015
SSMP,SSMP_010_to_019,SSM016
SSMP,SSMP_010_to_019,SSM019
SSMP,SSMP_020_to_029,SSM020
SSMP,SSMP_020_to_029,SSM021
SSMP,SSMP_020_to_029,SSM022
SSMP,SSMP_020_to_029,SSM023
SSMP,SSMP_020_to_029,SSM024
SSMP,SSMP_020_to_029,SSM026
SSMP,SSMP_020_to_029,SSM028
SSMP,SSMP_020_to_029,SSM029
SSMP,SSMP_030_to_039,SSM031
SSMP,SSMP_030_to_039,SSM032
SSMP,SSMP_030_to_039,SSM033
SSMP,SSMP_030_to_039,SSM035
SSMP,SSMP_030_to_039,SSM036
SSMP,SSMP_040_to_049,SSM040
SSMP,SSMP_040_to_049,SSM041
SSMP,SSMP_040_to_049,SSM042
SSMP,SSMP_040_to_049,SSM044
SSMP,SSMP_040_to_049,SSM045
SSMP,SSMP_050_to_059,SSM050
SSMP,SSMP_050_to_059,SSM053
SSMP,SSMP_050_to_059,SSM055
SSMP,SSMP_050_to_059,SSM056
SSMP,SSMP_050_to_059,SSM058
SSMP,SSMP_050_to_059,SSM059
SSMP,SSMP_060_to_069,SSM061
SSMP,SSMP_060_to_069,SSM063
SSMP,SSMP_060_to_069,SSM064
SSMP,SSMP_060_to_069,SSM065
SSMP,SSMP_060_to_069,SSM066
SSMP,SSMP_060_to_069,SSM067
SSMP,SSMP_060_to_069,SSM068
SSMP,SSMP_070_to_079,SSM071
SSMP,SSMP_070_to_079,SSM072
SSMP,SSMP_070_to_079,SSM073
SSMP,SSMP_070_to_079,SSM074
SSMP,SSMP_070_to_079,SSM077
SSMP,SSMP_070_to_079,SSM078
SSMP,SSMP_070_to_079,SSM079
SSMP,SSMP_080_to_089,SSM080
SSMP,SSMP_080_to_089,SSM081
SSMP,SSMP_080_to_089,SSM082
SSMP,SSMP_080_to_089,SSM083
SSMP,SSMP_080_to_089,SSM084
SSMP,SSMP_080_to_089,SSM085
SSMP,SSMP_080_to_089,SSM086
SSMP,SSMP_080_to_089,SSM087
SSMP,SSMP_090_to_100,SSM092
SSMP,SSMP_090_to_100,SSM093
SSMP,SSMP_090_to_100,SSM097
SSMP,SSMP_090_to_100,SSM099
SSMP,SSMP_090_to_100,SSM100
TTSH,MUX5347,WHB1023
TTSH,MUX5349,WHB1048
TTSH,MUX5849,WHB1082
TTSH,MUX5850,WHB1086
TTSH,MUX5851,WHB1093
TTSH,MUX5851,WHB1094
TTSH,MUX5851,WHB1095
TTSH,MUX5851,WHB1097
TTSH,MUX5185,WHB711
TTSH,MUX5185,WHB721
TTSH,MUX5323,WHB742
TTSH,MUX5301,WHB829
TTSH,MUX5301,WHB859
TTSH,MUX5311,WHB876
TTSH,MUX5311,WHB879
TTSH,MUX5311,WHB880
TTSH,MUX5312,WHB904
TTSH,MUX5328,WHB907
TTSH,MUX5328,WHB913
TTSH,MUX5328,WHB914
TTSH,MUX5330,WHB929
TTSH,MUX5331,WHB942
TTSH,MUX5331,WHB943
TTSH,MUX5339,WHB951
TTSH,MUX5340,WHB962
TTSH,MUX5341,WHB969
TTSH,MUX5341,WHB975
TTSH,MUX5341,WHB979
TTSH,MUX5344,WHB997
SERI,MUX4095,WHH1677
SERI,MUX4095,WHH1692
SERI,MUX4095,WHH1701
SERI,MUX4095,WHH1703
SERI,MUX4095,WHH1706
SERI,MUX4095,WHH1720
SERI,MUX4111,WHH1748
SERI,MUX4111,WHH1762
SERI,MUX4111,WHH1776
SERI,MUX4111,WHH1791
SERI,MUX4111,WHH1802
SERI,MUX4111,WHH1814
TTSH,MUX5325,WHH4897
TTSH,MUX5300,WHH4939
TTSH,MUX5305,WHH4949
TTSH,MUX5306,WHH4953
TTSH,MUX5306,WHH4957
TTSH,MUX5310,WHH4978
TTSH,MUX5310,WHH4979
TTSH,MUX5310,WHH4980
TTSH,MUX5310,WHH4987
TTSH,MUX5312,WHH4990
TTSH,MUX5301,WHH5002
TTSH,MUX5303,WHH5035
TTSH,MUX5304,WHH5077
